{
"lengthUnit": "mil",
"components": {
	"fields": ["COMPONENT_NO", "COMPONENT_NAME", "LAYER", "X_COORDINATE", "Y_COORDINATE", "ANGLE"],
	"rows": [
		[1, "Biubiubiu~", "T", 285, 255, 0],
		[2, "C1", "T", 230, -95, 180],
		[3, "C2", "T", 375, -50, 0],
		[4, "C3", "T", 375, -20, 180],
		[5, "C4", "T", 415, 35, 90],
		[6, "C5", "T", 526.81, -226.46, 90],
		[7, "C6", "T", 194.62, -384.2, 90],
		[8, "C7", "T", 356.16, -400, 180],
		[9, "C8", "T", 356.16, -440, 0],
		[10, "C9", "T", 356.16, -480, 0],
		[11, "C10", "T", 513.54, -483.54, 90],
		[12, "C11", "T", 510.2, -564.51, 45],
		[13, "C12", "T", 210, -920, 180],
		[14, "C13", "T", 400, -975, 180],
		[15, "C14", "T", 385, -1005, 0],
		[16, "C18", "T", 410, -380, 270],
		[17, "C28", "T", 493.01, -2000.96, 180],
		[18, "C29", "T", 435, -2205, 0],
		[19, "C30", "T", 145, -2035, 90],
		[20, "C31", "T", 145, -2295, 90],
		[21, "C32", "T", 301.81, -56.81, 135],
		[22, "C33", "T", 123.03, -84.38, 90],
		[23, "C39", "B", 500, -2195, 270],
		[24, "C42", "T", 210, -1875, 270],
		[25, "C43", "T", 215.31, -1600.14, 180],
		[26, "D1", "T", 480, -1040, 0],
		[27, "D3", "T", 343.27, -1548.61, 270],
		[28, "IR_REC1", "B", 320, -2335, 180],
		[29, "L1", "T", 228.25, -65, 0],
		[30, "LED1", "T", 190.45, -955, 180],
		[31, "LED2", "T", 405, -900, 90],
		[32, "LED5", "T", 125, -1895, 90],
		[33, "LED6", "T", 125, -1775, 270],
		[34, "Q1", "B", 475, -1965, 0],
		[35, "Q3", "B", 299.21, -1879.55, 0],
		[36, "Q4", "B", 465, -1805, 180],
		[37, "R2", "T", 356.16, -520, 180],
		[38, "R3", "T", 132.96, -882.04, 90],
		[39, "R4", "T", 210, -880, 0],
		[40, "R5", "T", 185, -990, 0],
		[41, "R6", "T", 140, -1009.41, 270],
		[42, "R7", "T", 367.96, -927.96, 90],
		[43, "R8", "T", 204.79, -1180.52, 90],
		[44, "R39", "T", 145, -2160, 90],
		[45, "R40", "T", 275, -2200, 180],
		[46, "R41", "T", 490, -2095, 90],
		[47, "R42", "T", 167.96, -47.96, 90],
		[48, "R46", "B", 525, -1695, 270],
		[49, "R47", "B", 501.02, -2080.34, 90],
		[50, "R48", "T", 505, -2300, 90],
		[51, "R49", "B", 505, -2320, 270],
		[52, "R53", "T", 209.21, -1539.55, 0],
		[53, "R54", "T", 123.87, -1659.21, 270],
		[54, "R55", "T", 304.66, -1891.02, 0],
		[55, "R56", "T", 499.21, -1724.55, 90],
		[56, "R57", "T", 450, -1890, 180],
		[57, "R58", "T", 494.55, -1599.21, 90],
		[58, "R59", "T", 410.33, -1551.59, 270],
		[59, "SW1", "T", 160, -715, 270],
		[60, "SW2", "T", 485, -715, 270],
		[61, "SW15", "B", 400, -1270, 270],
		[62, "TP4056", "T", 314.21, -1724.55, 90],
		[63, "U1", "T", 330.87, -235, 315],
		[64, "U2", "T", 495, -905, 0],
		[65, "U8", "T", 298.82, -2068.31, 0],
		[66, "USBC1", "T", 350, -1265, 90],
		[67, "X1", "T", 490.11, -90, 90]
	]
},
"pins": {
	"fields": ["PIN_NO", "PIN_NAME", "PIN_X", "PIN_Y", "LAYER", "PIN_TYPE", "NET_NAME", "NET_TYPE", "PAD_SHAPE", "PAD_SIZEX", "PAD_SIZEY", "HOLE_SIZE", "PAD_ANGLE"],
	"rows": [
		[1, "Biubiubiu~_1", 222.87, 255, "T", "SMD", "$1N19455", "", "R", 39.37, 68.9, 0, 0],
		[2, "Biubiubiu~_2", 347.13, 255, "T", "SMD", "Biubiubiu~_2", "", "R", 39.37, 68.9, 0, 0],
		[3, "C1_1", 251.46, -95, "T", "SMD", "$1N4298", "", "R", 31.11, 21.26, 0, 180],
		[4, "C1_2", 208.54, -95, "T", "SMD", "GND", "GND", "R", 31.11, 21.26, 0, 180],
		[5, "C2_1", 353.54, -50, "T", "SMD", "3V3", "", "R", 31.11, 21.26, 0, 0],
		[6, "C2_2", 396.46, -50, "T", "SMD", "GND", "GND", "R", 31.11, 21.26, 0, 0],
		[7, "C3_1", 396.46, -20, "T", "SMD", "GND", "GND", "R", 31.11, 21.26, 0, 180],
		[8, "C3_2", 353.54, -20, "T", "SMD", "3V3", "", "R", 31.11, 21.26, 0, 180],
		[9, "C4_1", 415, 13.54, "T", "SMD", "$1N4555", "", "R", 31.11, 21.26, 0, 90],
		[10, "C4_2", 415, 56.46, "T", "SMD", "GND", "GND", "R", 31.11, 21.26, 0, 90],
		[11, "C5_1", 526.81, -247.92, "T", "SMD", "GND", "GND", "R", 31.11, 21.26, 0, 90],
		[12, "C5_2", 526.81, -205, "T", "SMD", "$1N4562", "", "R", 31.11, 21.26, 0, 90],
		[13, "C6_1", 194.62, -405.66, "T", "SMD", "GND", "GND", "R", 31.11, 21.26, 0, 90],
		[14, "C6_2", 194.62, -362.74, "T", "SMD", "3V3", "", "R", 31.11, 21.26, 0, 90],
		[15, "C7_1", 377.62, -400, "T", "SMD", "GND", "GND", "R", 31.11, 21.26, 0, 180],
		[16, "C7_2", 334.7, -400, "T", "SMD", "3V3", "", "R", 31.11, 21.26, 0, 180],
		[17, "C8_1", 334.7, -440, "T", "SMD", "3V3", "", "R", 31.11, 21.26, 0, 0],
		[18, "C8_2", 377.62, -440, "T", "SMD", "GND", "GND", "R", 31.11, 21.26, 0, 0],
		[19, "C9_1", 334.7, -480, "T", "SMD", "3V3", "", "R", 31.11, 21.26, 0, 0],
		[20, "C9_2", 377.62, -480, "T", "SMD", "GND", "GND", "R", 31.11, 21.26, 0, 0],
		[21, "C10_1", 513.54, -505, "T", "SMD", "3V3", "", "R", 31.11, 21.26, 0, 90],
		[22, "C10_2", 513.54, -462.08, "T", "SMD", "GND", "GND", "R", 31.11, 21.26, 0, 90],
		[23, "C11_1", 495.03, -579.69, "T", "SMD", "GND", "GND", "R", 31.11, 21.26, 0, 45],
		[24, "C11_2", 525.38, -549.34, "T", "SMD", "3V3", "", "R", 31.11, 21.26, 0, 45],
		[25, "C12_1", 231.46, -920, "T", "SMD", "GND", "GND", "R", 31.11, 21.26, 0, 180],
		[26, "C12_2", 188.54, -920, "T", "SMD", "CHIP_EN", "", "R", 31.11, 21.26, 0, 180],
		[27, "C13_1", 421.46, -975, "T", "SMD", "$1N1171", "", "R", 31.11, 21.26, 0, 180],
		[28, "C13_2", 378.54, -975, "T", "SMD", "GND", "GND", "R", 31.11, 21.26, 0, 180],
		[29, "C14_1", 363.54, -1005, "T", "SMD", "GND", "GND", "R", 31.11, 21.26, 0, 0],
		[30, "C14_2", 406.46, -1005, "T", "SMD", "$1N1171", "", "R", 31.11, 21.26, 0, 0],
		[31, "C18_1", 410, -358.54, "T", "SMD", "$1N2742", "", "R", 31.11, 21.26, 0, 270],
		[32, "C18_2", 410, -401.46, "T", "SMD", "GND", "GND", "R", 31.11, 21.26, 0, 270],
		[33, "C28_1", 520.57, -2000.96, "T", "SMD", "GND", "GND", "R", 31.5, 35.43, 0, 180],
		[34, "C28_2", 465.45, -2000.96, "T", "SMD", "$1N14351", "", "R", 31.5, 35.43, 0, 180],
		[35, "C29_1", 368.61, -2205, "T", "SMD", "3V3", "", "R", 59.05, 51.02, 0, 180],
		[36, "C29_2", 501.39, -2205, "T", "SMD", "GND", "GND", "R", 59.05, 51.02, 0, 180],
		[37, "C30_1", 145, -2062.56, "T", "SMD", "$1N14353", "", "R", 31.5, 35.43, 0, 90],
		[38, "C30_2", 145, -2007.44, "T", "SMD", "GND", "GND", "R", 31.5, 35.43, 0, 90],
		[39, "C31_1", 145, -2322.56, "T", "SMD", "3V3", "", "R", 31.5, 35.43, 0, 90],
		[40, "C31_2", 145, -2267.44, "T", "SMD", "GND", "GND", "R", 31.5, 35.43, 0, 90],
		[41, "C32_1", 315.22, -70.22, "T", "SMD", "GND", "GND", "R", 22.28, 21.26, 0, 135],
		[42, "C32_2", 288.41, -43.41, "T", "SMD", "$1N10400", "", "R", 22.28, 21.26, 0, 135],
		[43, "C33_1", 123.03, -103.34, "T", "SMD", "GND", "GND", "R", 22.28, 21.26, 0, 90],
		[44, "C33_2", 123.03, -65.42, "T", "SMD", "$1N19455", "", "R", 22.28, 21.26, 0, 90],
		[45, "C39_1", 500, -2167.44, "B", "SMD", "3V3", "", "R", 31.5, 35.43, 0, 270],
		[46, "C39_2", 500, -2222.56, "B", "SMD", "GND", "GND", "R", 31.5, 35.43, 0, 270],
		[47, "C42_1", 210, -1853.54, "T", "SMD", "$1N48178", "", "R", 31.11, 21.26, 0, 270],
		[48, "C42_2", 210, -1896.46, "T", "SMD", "GND", "GND", "R", 31.11, 21.26, 0, 270],
		[49, "C43_1", 236.77, -1600.14, "T", "SMD", "GND", "GND", "R", 31.11, 21.26, 0, 180],
		[50, "C43_2", 193.85, -1600.14, "T", "SMD", "$1N48432", "", "R", 31.11, 21.26, 0, 180],
		[51, "D1_1", 433.83, -1040, "T", "SMD", "$1N1171", "", "R", 39.37, 29.53, 0, 0],
		[52, "D1_2", 526.16, -1040, "T", "SMD", "VCC", "", "R", 39.37, 29.53, 0, 0],
		[53, "D3_1", 343.27, -1507.67, "T", "SMD", "VBUS", "", "R", 30.71, 19.68, 0, 270],
		[54, "D3_2", 343.27, -1589.55, "T", "SMD", "$1N49109", "", "R", 30.71, 19.68, 0, 270],
		[55, "IR_REC1_1", 420, -2335, "T", "DIP", "$1N45033", "", "R", 60, 60, 39.37, 180],
		[56, "IR_REC1_1", 420, -2335, "B", "DIP", "$1N45033", "", "R", 60, 60, 39.37, 180],
		[57, "IR_REC1_2", 320, -2335, "T", "DIP", "GND", "GND", "C", 60, 60, 39.37, 180],
		[58, "IR_REC1_2", 320, -2335, "B", "DIP", "GND", "GND", "C", 60, 60, 39.37, 180],
		[59, "IR_REC1_3", 220, -2335, "T", "DIP", "3V3", "", "C", 60, 60, 39.37, 180],
		[60, "IR_REC1_3", 220, -2335, "B", "DIP", "3V3", "", "C", 60, 60, 39.37, 180],
		[61, "L1_1", 206.79, -65, "T", "SMD", "3V3", "", "R", 31.11, 21.26, 0, 0],
		[62, "L1_2", 249.71, -65, "T", "SMD", "$1N4298", "", "R", 31.11, 21.26, 0, 0],
		[63, "LED1_1", 211.64, -955, "T", "SMD", "$1N5484", "", "R", 25.06, 21.26, 0, 180],
		[64, "LED1_2", 169.26, -955, "T", "SMD", "GPIO9/BOOT", "", "R", 25.06, 21.26, 0, 180],
		[65, "LED2_1", 405, -921.19, "T", "SMD", "$1N5388", "", "R", 25.06, 21.26, 0, 90],
		[66, "LED2_2", 405, -878.81, "T", "SMD", "3V3", "", "R", 25.06, 21.26, 0, 90],
		[67, "LED5_1", 125.13, -1926.48, "T", "SMD", "$1N48045", "", "R", 31.5, 31.5, 0, 180],
		[68, "LED5_2", 124.86, -1863.52, "T", "SMD", "$1N48178", "", "R", 31.5, 31.5, 0, 180],
		[69, "LED6_1", 125, -1743.52, "T", "SMD", "$1N48046", "", "R", 31.5, 31.5, 0, 0],
		[70, "LED6_2", 125, -1806.48, "T", "SMD", "$1N48178", "", "R", 31.5, 31.5, 0, 0],
		[71, "Q1_1", 523.63, -1927.6, "B", "SMD", "$1N44850", "", "R", 42.13, 23.62, 0, 0],
		[72, "Q1_2", 523.63, -2002.4, "B", "SMD", "$1N44848", "", "R", 42.13, 23.62, 0, 0],
		[73, "Q1_3", 426.38, -1965, "B", "SMD", "$1N44852", "", "R", 42.13, 23.62, 0, 0],
		[74, "Q3_1", 347.83, -1842.15, "B", "SMD", "$1N48724", "", "R", 42.13, 23.62, 0, 0],
		[75, "Q3_2", 347.83, -1916.95, "B", "SMD", "$1N48895", "", "R", 42.13, 23.62, 0, 0],
		[76, "Q3_3", 250.58, -1879.55, "B", "SMD", "$1N48432", "", "R", 42.13, 23.62, 0, 0],
		[77, "Q4_1", 416.38, -1842.4, "B", "SMD", "$1N48937", "", "R", 42.13, 23.62, 0, 180],
		[78, "Q4_2", 416.38, -1767.6, "B", "SMD", "$1N49109", "", "R", 42.13, 23.62, 0, 180],
		[79, "Q4_3", 513.63, -1805, "B", "SMD", "$1N48895", "", "R", 42.13, 23.62, 0, 180],
		[80, "R2_1", 373.2, -520, "T", "SMD", "GPIO2", "", "R", 22.27, 21.26, 0, 180],
		[81, "R2_2", 339.12, -520, "T", "SMD", "3V3", "", "R", 22.27, 21.26, 0, 180],
		[82, "R3_1", 132.96, -899.08, "T", "SMD", "3V3", "", "R", 22.27, 21.26, 0, 90],
		[83, "R3_2", 132.96, -865, "T", "SMD", "GPIO8", "", "R", 22.27, 21.26, 0, 90],
		[84, "R4_1", 192.96, -880, "T", "SMD", "CHIP_EN", "", "R", 22.27, 21.26, 0, 0],
		[85, "R4_2", 227.04, -880, "T", "SMD", "3V3", "", "R", 22.27, 21.26, 0, 0],
		[86, "R5_1", 167.96, -990, "T", "SMD", "GND", "GND", "R", 22.27, 21.26, 0, 0],
		[87, "R5_2", 202.04, -990, "T", "SMD", "$1N5484", "", "R", 22.27, 21.26, 0, 0],
		[88, "R6_1", 140, -992.37, "T", "SMD", "GND", "GND", "R", 22.27, 21.26, 0, 270],
		[89, "R6_2", 140, -1026.45, "T", "SMD", "$1N771", "", "R", 22.27, 21.26, 0, 270],
		[90, "R7_1", 367.96, -945, "T", "SMD", "GND", "GND", "R", 22.27, 21.26, 0, 90],
		[91, "R7_2", 367.96, -910.92, "T", "SMD", "$1N5388", "", "R", 22.27, 21.26, 0, 90],
		[92, "R8_1", 204.79, -1197.56, "T", "SMD", "$1N772", "", "R", 22.27, 21.26, 0, 90],
		[93, "R8_2", 204.79, -1163.48, "T", "SMD", "GND", "GND", "R", 22.27, 21.26, 0, 90],
		[94, "R39_1", 145, -2189.66, "T", "SMD", "3V3", "", "R", 31.75, 34.02, 0, 90],
		[95, "R39_2", 145, -2130.34, "T", "SMD", "GPIO9/BOOT", "", "R", 31.75, 34.02, 0, 90],
		[96, "R40_1", 304.66, -2200, "T", "SMD", "3V3", "", "R", 31.75, 34.02, 0, 180],
		[97, "R40_2", 245.34, -2200, "T", "SMD", "GPIO8", "", "R", 31.75, 34.02, 0, 180],
		[98, "R41_1", 490, -2124.66, "T", "SMD", "GND", "GND", "R", 31.75, 34.02, 0, 90],
		[99, "R41_2", 490, -2065.34, "T", "SMD", "$1N14356", "", "R", 31.75, 34.02, 0, 90],
		[100, "R42_1", 167.96, -65, "T", "SMD", "$1N19455", "", "R", 22.27, 21.26, 0, 90],
		[101, "R42_2", 167.96, -30.92, "T", "SMD", "$1N10400", "", "R", 22.27, 21.26, 0, 90],
		[102, "R46_1", 525, -1665.34, "B", "SMD", "GPIO6", "", "R", 31.75, 34.02, 0, 270],
		[103, "R46_2", 525, -1724.66, "B", "SMD", "$1N44850", "", "R", 31.75, 34.02, 0, 270],
		[104, "R47_1", 501.02, -2110, "B", "SMD", "3V3", "", "R", 31.75, 34.02, 0, 90],
		[105, "R47_2", 501.02, -2050.68, "B", "SMD", "$1N44852", "", "R", 31.75, 34.02, 0, 90],
		[106, "R48_1", 505, -2329.66, "T", "SMD", "GPIO5", "", "R", 31.75, 34.02, 0, 90],
		[107, "R48_2", 505, -2270.34, "T", "SMD", "$1N45033", "", "R", 31.75, 34.02, 0, 90],
		[108, "R49_1", 505, -2290.34, "B", "SMD", "3V3", "", "R", 31.75, 34.02, 0, 270],
		[109, "R49_2", 505, -2349.66, "B", "SMD", "GPIO5", "", "R", 31.75, 34.02, 0, 270],
		[110, "R53_1", 150.99, -1539.55, "T", "SMD", "VBUS", "", "R", 47.54, 66.97, 0, 0],
		[111, "R53_2", 267.43, -1539.55, "T", "SMD", "$1N48178", "", "R", 47.54, 66.97, 0, 0],
		[112, "R54_1", 123.87, -1629.55, "T", "SMD", "$1N48049", "", "R", 31.75, 34.02, 0, 270],
		[113, "R54_2", 123.87, -1688.87, "T", "SMD", "$1N48046", "", "R", 31.75, 34.02, 0, 270],
		[114, "R55_1", 275, -1891.02, "T", "SMD", "$1N48048", "", "R", 31.75, 34.02, 0, 0],
		[115, "R55_2", 334.32, -1891.02, "T", "SMD", "$1N48045", "", "R", 31.75, 34.02, 0, 0],
		[116, "R56_1", 499.21, -1741.59, "T", "SMD", "$1N48594", "", "R", 22.27, 21.26, 0, 90],
		[117, "R56_2", 499.21, -1707.51, "T", "SMD", "GND", "GND", "R", 22.27, 21.26, 0, 90],
		[118, "R57_1", 479.66, -1890, "T", "SMD", "GND", "GND", "R", 31.75, 34.02, 0, 180],
		[119, "R57_2", 420.34, -1890, "T", "SMD", "$1N48724", "", "R", 31.75, 34.02, 0, 180],
		[120, "R58_1", 494.55, -1628.87, "T", "SMD", "GND", "GND", "R", 31.75, 34.02, 0, 90],
		[121, "R58_2", 494.55, -1569.55, "T", "SMD", "$1N48937", "", "R", 31.75, 34.02, 0, 90],
		[122, "R59_1", 410.33, -1534.55, "T", "SMD", "VBUS", "", "R", 22.27, 21.26, 0, 270],
		[123, "R59_2", 410.33, -1568.63, "T", "SMD", "$1N48937", "", "R", 22.27, 21.26, 0, 270],
		[124, "SW1_1", 160, -628.98, "T", "SMD", "CHIP_EN", "", "R", 48.42, 53.54, 0, 270],
		[125, "SW1_2", 160, -801.02, "T", "SMD", "GND", "GND", "R", 48.42, 53.54, 0, 270],
		[126, "SW2_1", 485, -628.98, "T", "SMD", "GND", "GND", "R", 48.42, 53.54, 0, 270],
		[127, "SW2_2", 485, -801.02, "T", "SMD", "GPIO9/BOOT", "", "R", 48.42, 53.54, 0, 270],
		[128, "SW15_1", 400, -1181.42, "B", "SMD", "SW15_1", "", "R", 51.18, 35.43, 0, 180],
		[129, "SW15_2", 400, -1299.53, "B", "SMD", "VCC", "", "R", 51.18, 35.43, 0, 180],
		[130, "SW15_3", 400, -1358.58, "B", "SMD", "$1N49109", "", "R", 51.18, 35.43, 0, 180],
		[131, "TP4056_1", 428.71, -1799.55, "T", "SMD", "GND", "GND", "R", 23.62, 47.24, 0, 90],
		[132, "TP4056_2", 428.71, -1749.55, "T", "SMD", "$1N48594", "", "R", 23.62, 47.24, 0, 90],
		[133, "TP4056_3", 428.71, -1699.55, "T", "SMD", "GND", "GND", "R", 23.62, 47.24, 0, 90],
		[134, "TP4056_4", 428.71, -1649.55, "T", "SMD", "$1N48178", "", "R", 23.62, 47.24, 0, 90],
		[135, "TP4056_5", 199.71, -1649.55, "T", "SMD", "$1N48432", "", "R", 23.62, 47.24, 0, 90],
		[136, "TP4056_6", 199.71, -1699.55, "T", "SMD", "$1N48049", "", "R", 23.62, 47.24, 0, 90],
		[137, "TP4056_7", 199.71, -1749.55, "T", "SMD", "$1N48048", "", "R", 23.62, 47.24, 0, 90],
		[138, "TP4056_8", 199.71, -1799.55, "T", "SMD", "$1N48178", "", "R", 23.62, 47.24, 0, 90],
		[139, "TP4056_9", 314.21, -1724.55, "T", "SMD", "GND", "GND", "R", 129.92, 94.49, 0, 270],
		[140, "U1_1", 310.62, -117.31, "T", "SMD", "$1N10400", "", "R", 25.59, 11.02, 0, 315],
		[141, "U1_2", 296.69, -131.23, "T", "SMD", "$1N4298", "", "R", 25.59, 11.02, 0, 315],
		[142, "U1_3", 282.78, -145.15, "T", "SMD", "$1N4298", "", "R", 25.59, 11.02, 0, 315],
		[143, "U1_4", 268.86, -159.07, "T", "SMD", "GPIO0", "", "R", 25.59, 11.02, 0, 315],
		[144, "U1_5", 254.94, -172.99, "T", "SMD", "GPIO1", "", "R", 25.59, 11.02, 0, 315],
		[145, "U1_6", 241.02, -186.91, "T", "SMD", "GPIO2", "", "R", 25.59, 11.02, 0, 315],
		[146, "U1_7", 227.1, -200.83, "T", "SMD", "CHIP_EN", "", "R", 25.59, 11.02, 0, 315],
		[147, "U1_8", 213.18, -214.75, "T", "SMD", "GPIO3", "", "R", 25.59, 11.02, 0, 315],
		[148, "U1_9", 213.18, -255.25, "T", "SMD", "GPIO4", "", "R", 11.02, 25.59, 0, 315],
		[149, "U1_10", 227.1, -269.17, "T", "SMD", "GPIO5", "", "R", 11.02, 25.59, 0, 315],
		[150, "U1_11", 241.02, -283.09, "T", "SMD", "3V3", "", "R", 11.02, 25.59, 0, 315],
		[151, "U1_12", 254.94, -297.01, "T", "SMD", "GPIO6", "", "R", 11.02, 25.59, 0, 315],
		[152, "U1_13", 268.86, -310.93, "T", "SMD", "GPIO7", "", "R", 11.02, 25.59, 0, 315],
		[153, "U1_14", 282.78, -324.85, "T", "SMD", "GPIO8", "", "R", 11.02, 25.59, 0, 315],
		[154, "U1_15", 296.69, -338.77, "T", "SMD", "GPIO9/BOOT", "", "R", 11.02, 25.59, 0, 315],
		[155, "U1_16", 310.62, -352.69, "T", "SMD", "GPIO10", "", "R", 11.02, 25.59, 0, 315],
		[156, "U1_17", 351.12, -352.69, "T", "SMD", "3V3", "", "R", 25.59, 11.02, 0, 315],
		[157, "U1_18", 365.04, -338.77, "T", "SMD", "$1N2742", "", "R", 25.59, 11.02, 0, 315],
		[158, "U1_19", 378.96, -324.85, "T", "SMD", "U1_19", "", "R", 25.59, 11.02, 0, 315],
		[159, "U1_20", 392.88, -310.93, "T", "SMD", "U1_20", "", "R", 25.59, 11.02, 0, 315],
		[160, "U1_21", 406.8, -297.01, "T", "SMD", "U1_21", "", "R", 25.59, 11.02, 0, 315],
		[161, "U1_22", 420.72, -283.09, "T", "SMD", "U1_22", "", "R", 25.59, 11.02, 0, 315],
		[162, "U1_23", 434.64, -269.17, "T", "SMD", "U1_23", "", "R", 25.59, 11.02, 0, 315],
		[163, "U1_24", 448.56, -255.25, "T", "SMD", "U1_24", "", "R", 25.59, 11.02, 0, 315],
		[164, "U1_25", 448.56, -214.75, "T", "SMD", "USB-", "", "R", 11.02, 25.59, 0, 315],
		[165, "U1_26", 434.64, -200.83, "T", "SMD", "USB+", "", "R", 11.02, 25.59, 0, 315],
		[166, "U1_27", 420.72, -186.91, "T", "SMD", "MCU_RXD", "", "R", 11.02, 25.59, 0, 315],
		[167, "U1_28", 406.8, -172.99, "T", "SMD", "$1N2862", "", "R", 11.02, 25.59, 0, 315],
		[168, "U1_29", 392.88, -159.07, "T", "SMD", "$1N4562", "", "R", 11.02, 25.59, 0, 315],
		[169, "U1_30", 378.96, -145.15, "T", "SMD", "$1N4555", "", "R", 11.02, 25.59, 0, 315],
		[170, "U1_31", 365.04, -131.23, "T", "SMD", "3V3", "", "R", 11.02, 25.59, 0, 315],
		[171, "U1_32", 351.12, -117.31, "T", "SMD", "3V3", "", "R", 11.02, 25.59, 0, 315],
		[172, "U1_33", 330.87, -235, "T", "SMD", "GND", "GND", "R", 149.61, 149.61, 0, 315],
		[173, "U2_1", 457.6, -950.42, "T", "SMD", "$1N1171", "", "R", 19.29, 45.55, 0, 0],
		[174, "U2_2", 495, -950.42, "T", "SMD", "GND", "GND", "R", 19.29, 45.55, 0, 0],
		[175, "U2_3", 532.4, -950.42, "T", "SMD", "$1N1171", "", "R", 19.29, 45.55, 0, 0],
		[176, "U2_4", 532.4, -859.58, "T", "SMD", "U2_4", "", "R", 19.29, 46.26, 0, 0],
		[177, "U2_5", 457.6, -859.58, "T", "SMD", "3V3", "", "R", 19.29, 46.26, 0, 0],
		[178, "U8_1", 249.62, -2147.05, "T", "SMD", "GND", "GND", "O", 11.02, 31.5, 0, 0],
		[179, "U8_2", 269.3, -2147.05, "T", "SMD", "U8_2", "", "O", 11.02, 31.5, 0, 0],
		[180, "U8_3", 288.99, -2147.05, "T", "SMD", "U8_3", "", "O", 11.02, 31.5, 0, 0],
		[181, "U8_4", 308.67, -2147.05, "T", "SMD", "U8_4", "", "O", 11.02, 31.5, 0, 0],
		[182, "U8_5", 328.36, -2147.05, "T", "SMD", "U8_5", "", "O", 11.02, 31.5, 0, 0],
		[183, "U8_6", 348.03, -2147.05, "T", "SMD", "U8_6", "", "O", 11.02, 31.5, 0, 0],
		[184, "U8_7", 377.57, -2117.52, "T", "SMD", "U8_7", "", "O", 31.5, 11.02, 0, 0],
		[185, "U8_8", 377.57, -2097.84, "T", "SMD", "3V3", "", "O", 31.5, 11.02, 0, 0],
		[186, "U8_9", 377.57, -2078.15, "T", "SMD", "$1N14356", "", "O", 31.5, 11.02, 0, 0],
		[187, "U8_10", 377.57, -2058.47, "T", "SMD", "$1N14351", "", "O", 31.5, 11.02, 0, 0],
		[188, "U8_11", 377.57, -2038.78, "T", "SMD", "GND", "GND", "O", 31.5, 11.02, 0, 0],
		[189, "U8_12", 377.57, -2019.1, "T", "SMD", "U8_12", "", "O", 31.5, 11.02, 0, 0],
		[190, "U8_13", 348.03, -1989.57, "T", "SMD", "3V3", "", "O", 11.02, 31.5, 0, 0],
		[191, "U8_14", 328.36, -1989.57, "T", "SMD", "U8_14", "", "O", 11.02, 31.5, 0, 0],
		[192, "U8_15", 308.67, -1989.57, "T", "SMD", "U8_15", "", "O", 11.02, 31.5, 0, 0],
		[193, "U8_16", 288.99, -1989.57, "T", "SMD", "U8_16", "", "O", 11.02, 31.5, 0, 0],
		[194, "U8_17", 269.3, -1989.57, "T", "SMD", "U8_17", "", "O", 11.02, 31.5, 0, 0],
		[195, "U8_18", 249.93, -1989.57, "T", "SMD", "GND", "GND", "O", 11.02, 31.5, 0, 0],
		[196, "U8_19", 220.09, -2019.1, "T", "SMD", "U8_19", "", "O", 31.5, 11.02, 0, 0],
		[197, "U8_20", 220.09, -2038.78, "T", "SMD", "$1N14353", "", "O", 31.5, 11.02, 0, 0],
		[198, "U8_21", 220.09, -2058.47, "T", "SMD", "U8_21", "", "O", 31.5, 11.02, 0, 0],
		[199, "U8_22", 220.09, -2078.15, "T", "SMD", "U8_22", "", "O", 31.5, 11.02, 0, 0],
		[200, "U8_23", 220.09, -2097.84, "T", "SMD", "GPIO9/BOOT", "", "O", 31.5, 11.02, 0, 0],
		[201, "U8_24", 220.09, -2117.52, "T", "SMD", "GPIO8", "", "O", 31.5, 11.02, 0, 0],
		[202, "U8_25", 299.31, -2068.31, "T", "SMD", "U8_25", "", "R", 106.3, 106.3, 0, 0],
		[203, "USBC1_0", 282.84, -1435.28, "T", "DIP", "GND", "GND", "O", 47.24, 78.74, 62.99, 90],
		[204, "USBC1_0", 282.84, -1435.28, "B", "DIP", "GND", "GND", "O", 47.24, 78.74, 62.99, 90],
		[205, "USBC1_1", 282.84, -1094.72, "T", "DIP", "GND", "GND", "O", 47.24, 78.74, 62.99, 90],
		[206, "USBC1_1", 282.84, -1094.72, "B", "DIP", "GND", "GND", "O", 47.24, 78.74, 62.99, 90],
		[207, "USBC1_2", 447.41, -1094.72, "T", "DIP", "GND", "GND", "O", 47.24, 70.87, 55.12, 90],
		[208, "USBC1_2", 447.41, -1094.72, "B", "DIP", "GND", "GND", "O", 47.24, 70.87, 55.12, 90],
		[209, "USBC1_3", 447.41, -1435.28, "T", "DIP", "GND", "GND", "O", 47.24, 70.87, 55.12, 90],
		[210, "USBC1_3", 447.41, -1435.28, "B", "DIP", "GND", "GND", "O", 47.24, 70.87, 55.12, 90],
		[211, "USBC1_A1", 252.59, -1396.89, "T", "SMD", "GND", "GND", "R", 11.81, 51.18, 0, 90],
		[212, "USBC1_A12", 252.59, -1133.11, "T", "SMD", "GND", "GND", "R", 11.81, 51.18, 0, 90],
		[213, "USBC1_A4", 252.59, -1365.39, "T", "SMD", "VBUS", "", "R", 11.81, 51.18, 0, 90],
		[214, "USBC1_A5", 252.59, -1314.21, "T", "SMD", "$1N771", "", "R", 11.81, 51.18, 0, 90],
		[215, "USBC1_A6", 252.59, -1274.84, "T", "SMD", "USB+", "", "R", 11.81, 51.18, 0, 90],
		[216, "USBC1_A7", 252.59, -1255.16, "T", "SMD", "USB-", "", "R", 11.81, 51.18, 0, 90],
		[217, "USBC1_A8", 252.59, -1215.8, "T", "SMD", "USBC1_A8", "", "R", 11.81, 51.18, 0, 90],
		[218, "USBC1_A9", 252.59, -1164.6, "T", "SMD", "VBUS", "", "R", 11.81, 51.18, 0, 90],
		[219, "USBC1_B1", 252.59, -1144.92, "T", "SMD", "GND", "GND", "R", 11.81, 51.18, 0, 90],
		[220, "USBC1_B12", 252.59, -1385.08, "T", "SMD", "GND", "GND", "R", 11.81, 51.18, 0, 90],
		[221, "USBC1_B4", 252.59, -1176.42, "T", "SMD", "VBUS", "", "R", 11.81, 51.18, 0, 90],
		[222, "USBC1_B5", 252.59, -1196.1, "T", "SMD", "$1N772", "", "R", 11.81, 51.18, 0, 90],
		[223, "USBC1_B6", 252.59, -1235.47, "T", "SMD", "USB+", "", "R", 11.81, 51.18, 0, 90],
		[224, "USBC1_B7", 252.59, -1294.53, "T", "SMD", "USB-", "", "R", 11.81, 51.18, 0, 90],
		[225, "USBC1_B8", 252.59, -1333.9, "T", "SMD", "USBC1_B8", "", "R", 11.81, 51.18, 0, 90],
		[226, "USBC1_B9", 252.59, -1353.58, "T", "SMD", "VBUS", "", "R", 11.81, 51.18, 0, 90],
		[227, "X1_1", 523.57, -133.31, "T", "SMD", "$1N4562", "", "R", 55.12, 47.24, 0, 90],
		[228, "X1_2", 523.57, -46.69, "T", "SMD", "GND", "GND", "R", 55.12, 47.24, 0, 90],
		[229, "X1_3", 456.64, -46.69, "T", "SMD", "$1N4555", "", "R", 55.12, 47.24, 0, 90],
		[230, "X1_4", 456.64, -133.31, "T", "SMD", "GND", "GND", "R", 55.12, 47.24, 0, 90]
	]
}
}