{
"lengthUnit": "mil",
"components": {
	"fields": ["COMPONENT_NO", "COMPONENT_NAME", "LAYER", "X_COORDINATE", "Y_COORDINATE", "ANGLE"],
	"rows": [
		[1, "C1", "T", 213.25, -125, 180],
		[2, "C2", "T", 415, -100, 0],
		[3, "C3", "T", 415, -70, 180],
		[4, "C4", "T", 600.35, -75, 0],
		[5, "C5", "T", 600.35, -265, 0],
		[6, "C6", "T", 191.87, -375, 90],
		[7, "C7", "T", 356.16, -400, 180],
		[8, "C8", "T", 356.16, -440, 0],
		[9, "C9", "T", 356.16, -480, 0],
		[10, "C10", "T", 632.18, -485, 0],
		[11, "C11", "T", 632.18, -520.38, 180],
		[12, "C12", "T", 365, -745, 180],
		[13, "C13", "T", 470, -855, 180],
		[14, "C14", "T", 470, -890, 0],
		[15, "C18", "T", 410, -380, 270],
		[16, "C28", "T", 755, -1370, 180],
		[17, "C29", "T", 715, -1505, 0],
		[18, "C30", "T", 435, -1210, 0],
		[19, "C31", "T", 755, -1300, 0],
		[20, "C32", "T", 320, -40, 0],
		[21, "C33", "T", 160, -55, 180],
		[22, "CN2", "T", 770, -200, 180],
		[23, "Control1", "T", 155, -1000, 90],
		[24, "D1", "T", 440, -980, 270],
		[25, "H6", "T", 475, -1610, 0],
		[26, "L1", "T", 213.25, -95, 0],
		[27, "LED1", "T", 365.45, -785, 180],
		[28, "LED2", "T", 524.55, -785, 0],
		[29, "R1", "T", 600.01, -330, 180],
		[30, "R2", "T", 356.16, -520, 180],
		[31, "R3", "T", 240, -766.69, 0],
		[32, "R4", "T", 365, -705, 0],
		[33, "R5", "T", 335, -825, 0],
		[34, "R6", "T", 335, -864.41, 0],
		[35, "R7", "T", 525, -745, 180],
		[36, "R8", "T", 490, -1010.92, 270],
		[37, "R39", "T", 335, -1235, 270],
		[38, "R40", "T", 290, -1410, 90],
		[39, "R41", "T", 754.32, -1435, 180],
		[40, "R42", "T", 235, -30, 270],
		[41, "SW1", "T", 284.94, -610, 180],
		[42, "SW2", "T", 595.21, -610, 180],
		[43, "SW3", "T", 760, -455, 90],
		[44, "U1", "T", 330.87, -235, 315],
		[45, "U2", "T", 642.35, -745, 0],
		[46, "U8", "T", 468.82, -1393.31, 0],
		[47, "U9", "T", 430, 140, 0],
		[48, "USBC1", "T", 658.41, -1062.59, 90],
		[49, "X1", "T", 600.11, -170, 90],
		[50, "PAD1", "T", 545, -385, 0],
		[51, "PAD1", "B", 545, -385, 0],
		[52, "PAD2", "T", 605, -430, 0],
		[53, "PAD2", "B", 605, -430, 0]
	]
},
"pins": {
	"fields": ["PIN_NO", "PIN_NAME", "PIN_X", "PIN_Y", "LAYER", "PIN_TYPE", "NET_NAME", "NET_TYPE", "PAD_SHAPE", "PAD_SIZEX", "PAD_SIZEY", "HOLE_SIZE", "PAD_ANGLE"],
	"rows": [
		[1, "C1_1", 234.71, -125, "T", "SMD", "$1N5321", "", "R", 31.11, 21.26, 0, 180],
		[2, "C1_2", 191.79, -125, "T", "SMD", "GND", "GND", "R", 31.11, 21.26, 0, 180],
		[3, "C2_1", 393.54, -100, "T", "SMD", "3V3", "", "R", 31.11, 21.26, 0, 0],
		[4, "C2_2", 436.46, -100, "T", "SMD", "GND", "GND", "R", 31.11, 21.26, 0, 0],
		[5, "C3_1", 436.46, -70, "T", "SMD", "GND", "GND", "R", 31.11, 21.26, 0, 180],
		[6, "C3_2", 393.54, -70, "T", "SMD", "3V3", "", "R", 31.11, 21.26, 0, 180],
		[7, "C4_1", 578.89, -75, "T", "SMD", "$1N5323", "", "R", 31.11, 21.26, 0, 0],
		[8, "C4_2", 621.81, -75, "T", "SMD", "GND", "GND", "R", 31.11, 21.26, 0, 0],
		[9, "C5_1", 578.89, -265, "T", "SMD", "GND", "GND", "R", 31.11, 21.26, 0, 0],
		[10, "C5_2", 621.81, -265, "T", "SMD", "$1N5322", "", "R", 31.11, 21.26, 0, 0],
		[11, "C6_1", 191.87, -396.46, "T", "SMD", "GND", "GND", "R", 31.11, 21.26, 0, 90],
		[12, "C6_2", 191.87, -353.54, "T", "SMD", "3V3", "", "R", 31.11, 21.26, 0, 90],
		[13, "C7_1", 377.62, -400, "T", "SMD", "GND", "GND", "R", 31.11, 21.26, 0, 180],
		[14, "C7_2", 334.7, -400, "T", "SMD", "3V3", "", "R", 31.11, 21.26, 0, 180],
		[15, "C8_1", 334.7, -440, "T", "SMD", "3V3", "", "R", 31.11, 21.26, 0, 0],
		[16, "C8_2", 377.62, -440, "T", "SMD", "GND", "GND", "R", 31.11, 21.26, 0, 0],
		[17, "C9_1", 334.7, -480, "T", "SMD", "3V3", "", "R", 31.11, 21.26, 0, 0],
		[18, "C9_2", 377.62, -480, "T", "SMD", "GND", "GND", "R", 31.11, 21.26, 0, 0],
		[19, "C10_1", 610.72, -485, "T", "SMD", "3V3", "", "R", 31.11, 21.26, 0, 0],
		[20, "C10_2", 653.64, -485, "T", "SMD", "GND", "GND", "R", 31.11, 21.26, 0, 0],
		[21, "C11_1", 653.64, -520.38, "T", "SMD", "GND", "GND", "R", 31.11, 21.26, 0, 180],
		[22, "C11_2", 610.72, -520.38, "T", "SMD", "3V3", "", "R", 31.11, 21.26, 0, 180],
		[23, "C12_1", 386.46, -745, "T", "SMD", "GND", "GND", "R", 31.11, 21.26, 0, 180],
		[24, "C12_2", 343.54, -745, "T", "SMD", "CHIP_EN", "", "R", 31.11, 21.26, 0, 180],
		[25, "C13_1", 491.46, -855, "T", "SMD", "$1N5298", "", "R", 31.11, 21.26, 0, 180],
		[26, "C13_2", 448.54, -855, "T", "SMD", "GND", "GND", "R", 31.11, 21.26, 0, 180],
		[27, "C14_1", 448.54, -890, "T", "SMD", "GND", "GND", "R", 31.11, 21.26, 0, 0],
		[28, "C14_2", 491.46, -890, "T", "SMD", "$1N5298", "", "R", 31.11, 21.26, 0, 0],
		[29, "C18_1", 410, -358.54, "T", "SMD", "$1N5303", "", "R", 31.11, 21.26, 0, 270],
		[30, "C18_2", 410, -401.46, "T", "SMD", "GND", "GND", "R", 31.11, 21.26, 0, 270],
		[31, "C28_1", 782.56, -1370, "T", "SMD", "GND", "GND", "R", 31.5, 35.43, 0, 180],
		[32, "C28_2", 727.44, -1370, "T", "SMD", "$1N5339", "", "R", 31.5, 35.43, 0, 180],
		[33, "C29_1", 648.61, -1505, "T", "SMD", "3V3", "", "R", 59.05, 51.02, 0, 180],
		[34, "C29_2", 781.39, -1505, "T", "SMD", "GND", "GND", "R", 59.05, 51.02, 0, 180],
		[35, "C30_1", 407.44, -1210, "T", "SMD", "$1N5341", "", "R", 31.5, 35.43, 0, 0],
		[36, "C30_2", 462.56, -1210, "T", "SMD", "GND", "GND", "R", 31.5, 35.43, 0, 0],
		[37, "C31_1", 727.44, -1300, "T", "SMD", "3V3", "", "R", 31.5, 35.43, 0, 0],
		[38, "C31_2", 782.56, -1300, "T", "SMD", "GND", "GND", "R", 31.5, 35.43, 0, 0],
		[39, "C32_1", 301.04, -40, "T", "SMD", "$1N5330", "", "R", 22.28, 21.26, 0, 0],
		[40, "C32_2", 338.96, -40, "T", "SMD", "GND", "GND", "R", 22.28, 21.26, 0, 0],
		[41, "C33_1", 178.96, -55, "T", "SMD", "$1N5347", "", "R", 22.28, 21.26, 0, 180],
		[42, "C33_2", 141.04, -55, "T", "SMD", "GND", "GND", "R", 22.28, 21.26, 0, 180],
		[43, "CN2_1", 794.61, -200, "T", "DIP", "$1N5332", "", "R", 39.37, 39.37, 23.62, 180],
		[44, "CN2_1", 794.61, -200, "B", "DIP", "$1N5332", "", "R", 39.37, 39.37, 23.62, 180],
		[45, "CN2_2", 745.39, -200, "T", "DIP", "GND", "GND", "C", 39.37, 39.37, 23.62, 180],
		[46, "CN2_2", 745.39, -200, "B", "DIP", "GND", "GND", "C", 39.37, 39.37, 23.62, 180],
		[47, "Control1_1", 124.49, -1090.55, "T", "SMD", "Control1_1", "", "R", 35.43, 47.24, 0, 90],
		[48, "Control1_2", 124.49, -909.45, "T", "SMD", "Control1_2", "", "R", 35.43, 47.24, 0, 270],
		[49, "Control1_3", 185.51, -1065.94, "T", "SMD", "GND", "GND", "R", 47.24, 51.18, 0, 270],
		[50, "Control1_4", 185.51, -934.05, "T", "SMD", "GPIO7", "", "R", 47.24, 51.18, 0, 270],
		[51, "D1_1", 440, -933.84, "T", "SMD", "$1N5298", "", "R", 39.37, 29.53, 0, 270],
		[52, "D1_2", 440, -1026.16, "T", "SMD", "VBUS", "", "R", 39.37, 29.53, 0, 270],
		[53, "H6_1", 375, -1660, "T", "DIP", "GPIO5", "", "R", 70, 70.87, 43.31, 180],
		[54, "H6_1", 375, -1660, "B", "DIP", "GPIO5", "", "R", 70, 70.87, 43.31, 180],
		[55, "H6_2", 375, -1560, "T", "DIP", "GPIO6", "", "C", 70.87, 70.87, 43.31, 180],
		[56, "H6_2", 375, -1560, "B", "DIP", "GPIO6", "", "C", 70.87, 70.87, 43.31, 180],
		[57, "H6_3", 475, -1660, "T", "DIP", "GPIO4", "", "C", 70.87, 70.87, 43.31, 180],
		[58, "H6_3", 475, -1660, "B", "DIP", "GPIO4", "", "C", 70.87, 70.87, 43.31, 180],
		[59, "H6_4", 475, -1560, "T", "DIP", "3V3", "", "C", 70.87, 70.87, 43.31, 180],
		[60, "H6_4", 475, -1560, "B", "DIP", "3V3", "", "C", 70.87, 70.87, 43.31, 180],
		[61, "H6_5", 575, -1660, "T", "DIP", "VBUS", "", "C", 70.87, 70.87, 43.31, 180],
		[62, "H6_5", 575, -1660, "B", "DIP", "VBUS", "", "C", 70.87, 70.87, 43.31, 180],
		[63, "H6_6", 575, -1560, "T", "DIP", "GND", "GND", "C", 70.87, 70.87, 43.31, 180],
		[64, "H6_6", 575, -1560, "B", "DIP", "GND", "GND", "C", 70.87, 70.87, 43.31, 180],
		[65, "L1_1", 191.79, -95, "T", "SMD", "3V3", "", "R", 31.11, 21.26, 0, 0],
		[66, "L1_2", 234.71, -95, "T", "SMD", "$1N5321", "", "R", 31.11, 21.26, 0, 0],
		[67, "LED1_1", 386.64, -785, "T", "SMD", "$1N5325", "", "R", 25.06, 21.26, 0, 180],
		[68, "LED1_2", 344.26, -785, "T", "SMD", "GPIO9/BOOT", "", "R", 25.06, 21.26, 0, 180],
		[69, "LED2_1", 503.36, -785, "T", "SMD", "$1N5324", "", "R", 25.06, 21.26, 0, 0],
		[70, "LED2_2", 545.74, -785, "T", "SMD", "3V3", "", "R", 25.06, 21.26, 0, 0],
		[71, "R1_1", 617.05, -330, "T", "SMD", "MCU_TXD", "", "R", 22.27, 21.26, 0, 180],
		[72, "R1_2", 582.97, -330, "T", "SMD", "$1N5306", "", "R", 22.27, 21.26, 0, 180],
		[73, "R2_1", 373.2, -520, "T", "SMD", "GPIO2", "", "R", 22.27, 21.26, 0, 180],
		[74, "R2_2", 339.12, -520, "T", "SMD", "3V3", "", "R", 22.27, 21.26, 0, 180],
		[75, "R3_1", 222.96, -766.69, "T", "SMD", "3V3", "", "R", 22.27, 21.26, 0, 0],
		[76, "R3_2", 257.04, -766.69, "T", "SMD", "GPIO8", "", "R", 22.27, 21.26, 0, 0],
		[77, "R4_1", 347.96, -705, "T", "SMD", "CHIP_EN", "", "R", 22.27, 21.26, 0, 0],
		[78, "R4_2", 382.04, -705, "T", "SMD", "3V3", "", "R", 22.27, 21.26, 0, 0],
		[79, "R5_1", 317.96, -825, "T", "SMD", "GND", "GND", "R", 22.27, 21.26, 0, 0],
		[80, "R5_2", 352.04, -825, "T", "SMD", "$1N5325", "", "R", 22.27, 21.26, 0, 0],
		[81, "R6_1", 317.96, -864.41, "T", "SMD", "GND", "GND", "R", 22.27, 21.26, 0, 0],
		[82, "R6_2", 352.04, -864.41, "T", "SMD", "$1N5291", "", "R", 22.27, 21.26, 0, 0],
		[83, "R7_1", 542.04, -745, "T", "SMD", "GND", "GND", "R", 22.27, 21.26, 0, 180],
		[84, "R7_2", 507.96, -745, "T", "SMD", "$1N5324", "", "R", 22.27, 21.26, 0, 180],
		[85, "R8_1", 490, -993.88, "T", "SMD", "$1N5292", "", "R", 22.27, 21.26, 0, 270],
		[86, "R8_2", 490, -1027.96, "T", "SMD", "GND", "GND", "R", 22.27, 21.26, 0, 270],
		[87, "R39_1", 335, -1205.34, "T", "SMD", "3V3", "", "R", 31.75, 34.02, 0, 270],
		[88, "R39_2", 335, -1264.66, "T", "SMD", "GPIO9/BOOT", "", "R", 31.75, 34.02, 0, 270],
		[89, "R40_1", 290, -1439.66, "T", "SMD", "3V3", "", "R", 31.75, 34.02, 0, 90],
		[90, "R40_2", 290, -1380.34, "T", "SMD", "GPIO8", "", "R", 31.75, 34.02, 0, 90],
		[91, "R41_1", 783.98, -1435, "T", "SMD", "GND", "GND", "R", 31.75, 34.02, 0, 180],
		[92, "R41_2", 724.66, -1435, "T", "SMD", "$1N5344", "", "R", 31.75, 34.02, 0, 180],
		[93, "R42_1", 235, -12.96, "T", "SMD", "$1N5347", "", "R", 22.27, 21.26, 0, 270],
		[94, "R42_2", 235, -47.04, "T", "SMD", "$1N5330", "", "R", 22.27, 21.26, 0, 270],
		[95, "SW1_1", 370.96, -610, "T", "SMD", "CHIP_EN", "", "R", 48.42, 53.54, 0, 180],
		[96, "SW1_2", 198.92, -610, "T", "SMD", "GND", "GND", "R", 48.42, 53.54, 0, 180],
		[97, "SW2_1", 681.23, -610, "T", "SMD", "GND", "GND", "R", 48.42, 53.54, 0, 180],
		[98, "SW2_2", 509.19, -610, "T", "SMD", "GPIO9/BOOT", "", "R", 48.42, 53.54, 0, 180],
		[99, "SW3_1", 760, -555, "T", "DIP", "VBUS", "", "C", 60, 60, 36, 270],
		[100, "SW3_1", 760, -555, "B", "DIP", "VBUS", "", "C", 60, 60, 36, 270],
		[101, "SW3_2", 760, -455, "T", "DIP", "$1N5332", "", "C", 60, 60, 36, 270],
		[102, "SW3_2", 760, -455, "B", "DIP", "$1N5332", "", "C", 60, 60, 36, 270],
		[103, "SW3_3", 760, -355, "T", "DIP", "SW3_3", "", "C", 60, 60, 36, 270],
		[104, "SW3_3", 760, -355, "B", "DIP", "SW3_3", "", "C", 60, 60, 36, 270],
		[105, "U1_1", 310.62, -117.31, "T", "SMD", "$1N5330", "", "R", 25.59, 11.02, 0, 315],
		[106, "U1_2", 296.69, -131.23, "T", "SMD", "$1N5321", "", "R", 25.59, 11.02, 0, 315],
		[107, "U1_3", 282.78, -145.15, "T", "SMD", "$1N5321", "", "R", 25.59, 11.02, 0, 315],
		[108, "U1_4", 268.86, -159.07, "T", "SMD", "GPIO0", "", "R", 25.59, 11.02, 0, 315],
		[109, "U1_5", 254.94, -172.99, "T", "SMD", "GPIO1", "", "R", 25.59, 11.02, 0, 315],
		[110, "U1_6", 241.02, -186.91, "T", "SMD", "GPIO2", "", "R", 25.59, 11.02, 0, 315],
		[111, "U1_7", 227.1, -200.83, "T", "SMD", "CHIP_EN", "", "R", 25.59, 11.02, 0, 315],
		[112, "U1_8", 213.18, -214.75, "T", "SMD", "GPIO3", "", "R", 25.59, 11.02, 0, 315],
		[113, "U1_9", 213.18, -255.25, "T", "SMD", "GPIO4", "", "R", 11.02, 25.59, 0, 315],
		[114, "U1_10", 227.1, -269.17, "T", "SMD", "GPIO5", "", "R", 11.02, 25.59, 0, 315],
		[115, "U1_11", 241.02, -283.09, "T", "SMD", "3V3", "", "R", 11.02, 25.59, 0, 315],
		[116, "U1_12", 254.94, -297.01, "T", "SMD", "GPIO6", "", "R", 11.02, 25.59, 0, 315],
		[117, "U1_13", 268.86, -310.93, "T", "SMD", "GPIO7", "", "R", 11.02, 25.59, 0, 315],
		[118, "U1_14", 282.78, -324.85, "T", "SMD", "GPIO8", "", "R", 11.02, 25.59, 0, 315],
		[119, "U1_15", 296.69, -338.77, "T", "SMD", "GPIO9/BOOT", "", "R", 11.02, 25.59, 0, 315],
		[120, "U1_16", 310.62, -352.69, "T", "SMD", "GPIO10", "", "R", 11.02, 25.59, 0, 315],
		[121, "U1_17", 351.12, -352.69, "T", "SMD", "3V3", "", "R", 25.59, 11.02, 0, 315],
		[122, "U1_18", 365.04, -338.77, "T", "SMD", "$1N5303", "", "R", 25.59, 11.02, 0, 315],
		[123, "U1_19", 378.96, -324.85, "T", "SMD", "U1_19", "", "R", 25.59, 11.02, 0, 315],
		[124, "U1_20", 392.88, -310.93, "T", "SMD", "U1_20", "", "R", 25.59, 11.02, 0, 315],
		[125, "U1_21", 406.8, -297.01, "T", "SMD", "U1_21", "", "R", 25.59, 11.02, 0, 315],
		[126, "U1_22", 420.72, -283.09, "T", "SMD", "U1_22", "", "R", 25.59, 11.02, 0, 315],
		[127, "U1_23", 434.64, -269.17, "T", "SMD", "U1_23", "", "R", 25.59, 11.02, 0, 315],
		[128, "U1_24", 448.56, -255.25, "T", "SMD", "U1_24", "", "R", 25.59, 11.02, 0, 315],
		[129, "U1_25", 448.56, -214.75, "T", "SMD", "USB-", "", "R", 11.02, 25.59, 0, 315],
		[130, "U1_26", 434.64, -200.83, "T", "SMD", "USB+", "", "R", 11.02, 25.59, 0, 315],
		[131, "U1_27", 420.72, -186.91, "T", "SMD", "MCU_RXD", "", "R", 11.02, 25.59, 0, 315],
		[132, "U1_28", 406.8, -172.99, "T", "SMD", "$1N5306", "", "R", 11.02, 25.59, 0, 315],
		[133, "U1_29", 392.88, -159.07, "T", "SMD", "$1N5322", "", "R", 11.02, 25.59, 0, 315],
		[134, "U1_30", 378.96, -145.15, "T", "SMD", "$1N5323", "", "R", 11.02, 25.59, 0, 315],
		[135, "U1_31", 365.04, -131.23, "T", "SMD", "3V3", "", "R", 11.02, 25.59, 0, 315],
		[136, "U1_32", 351.12, -117.31, "T", "SMD", "3V3", "", "R", 11.02, 25.59, 0, 315],
		[137, "U1_33", 330.87, -235, "T", "SMD", "GND", "GND", "R", 149.61, 149.61, 0, 315],
		[138, "U2_1", 604.95, -790.42, "T", "SMD", "$1N5298", "", "R", 19.29, 45.55, 0, 0],
		[139, "U2_2", 642.35, -790.42, "T", "SMD", "GND", "GND", "R", 19.29, 45.55, 0, 0],
		[140, "U2_3", 679.75, -790.42, "T", "SMD", "$1N5298", "", "R", 19.29, 45.55, 0, 0],
		[141, "U2_4", 679.75, -699.58, "T", "SMD", "U2_4", "", "R", 19.29, 46.26, 0, 0],
		[142, "U2_5", 604.95, -699.58, "T", "SMD", "3V3", "", "R", 19.29, 46.26, 0, 0],
		[143, "U8_1", 419.62, -1472.05, "T", "SMD", "GND", "GND", "O", 11.02, 31.5, 0, 0],
		[144, "U8_2", 439.29, -1472.05, "T", "SMD", "U8_2", "", "O", 11.02, 31.5, 0, 0],
		[145, "U8_3", 458.99, -1472.05, "T", "SMD", "U8_3", "", "O", 11.02, 31.5, 0, 0],
		[146, "U8_4", 478.67, -1472.05, "T", "SMD", "U8_4", "", "O", 11.02, 31.5, 0, 0],
		[147, "U8_5", 498.36, -1472.05, "T", "SMD", "U8_5", "", "O", 11.02, 31.5, 0, 0],
		[148, "U8_6", 518.03, -1472.05, "T", "SMD", "U8_6", "", "O", 11.02, 31.5, 0, 0],
		[149, "U8_7", 547.57, -1442.52, "T", "SMD", "U8_7", "", "O", 31.5, 11.02, 0, 0],
		[150, "U8_8", 547.57, -1422.84, "T", "SMD", "3V3", "", "O", 31.5, 11.02, 0, 0],
		[151, "U8_9", 547.57, -1403.15, "T", "SMD", "$1N5344", "", "O", 31.5, 11.02, 0, 0],
		[152, "U8_10", 547.57, -1383.47, "T", "SMD", "$1N5339", "", "O", 31.5, 11.02, 0, 0],
		[153, "U8_11", 547.57, -1363.78, "T", "SMD", "GND", "GND", "O", 31.5, 11.02, 0, 0],
		[154, "U8_12", 547.57, -1344.1, "T", "SMD", "U8_12", "", "O", 31.5, 11.02, 0, 0],
		[155, "U8_13", 518.03, -1314.57, "T", "SMD", "3V3", "", "O", 11.02, 31.5, 0, 0],
		[156, "U8_14", 498.36, -1314.57, "T", "SMD", "U8_14", "", "O", 11.02, 31.5, 0, 0],
		[157, "U8_15", 478.67, -1314.57, "T", "SMD", "U8_15", "", "O", 11.02, 31.5, 0, 0],
		[158, "U8_16", 458.99, -1314.57, "T", "SMD", "U8_16", "", "O", 11.02, 31.5, 0, 0],
		[159, "U8_17", 439.29, -1314.57, "T", "SMD", "U8_17", "", "O", 11.02, 31.5, 0, 0],
		[160, "U8_18", 419.93, -1314.57, "T", "SMD", "GND", "GND", "O", 11.02, 31.5, 0, 0],
		[161, "U8_19", 390.08, -1344.1, "T", "SMD", "U8_19", "", "O", 31.5, 11.02, 0, 0],
		[162, "U8_20", 390.08, -1363.78, "T", "SMD", "$1N5341", "", "O", 31.5, 11.02, 0, 0],
		[163, "U8_21", 390.08, -1383.47, "T", "SMD", "U8_21", "", "O", 31.5, 11.02, 0, 0],
		[164, "U8_22", 390.08, -1403.15, "T", "SMD", "U8_22", "", "O", 31.5, 11.02, 0, 0],
		[165, "U8_23", 390.08, -1422.84, "T", "SMD", "GPIO9/BOOT", "", "O", 31.5, 11.02, 0, 0],
		[166, "U8_24", 390.08, -1442.52, "T", "SMD", "GPIO8", "", "O", 31.5, 11.02, 0, 0],
		[167, "U8_25", 469.31, -1393.31, "T", "SMD", "U8_25", "", "R", 106.3, 106.3, 0, 0],
		[168, "U9_1", 367.87, 140, "T", "SMD", "$1N5347", "", "R", 39.37, 68.9, 0, 0],
		[169, "U9_2", 492.13, 140, "T", "SMD", "U9_2", "", "R", 39.37, 68.9, 0, 0],
		[170, "USBC1_0", 591.25, -1232.87, "T", "DIP", "GND", "GND", "O", 47.24, 78.74, 62.99, 90],
		[171, "USBC1_0", 591.25, -1232.87, "B", "DIP", "GND", "GND", "O", 47.24, 78.74, 62.99, 90],
		[172, "USBC1_1", 591.25, -892.31, "T", "DIP", "GND", "GND", "O", 47.24, 78.74, 62.99, 90],
		[173, "USBC1_1", 591.25, -892.31, "B", "DIP", "GND", "GND", "O", 47.24, 78.74, 62.99, 90],
		[174, "USBC1_2", 755.82, -892.31, "T", "DIP", "GND", "GND", "O", 47.24, 70.87, 55.12, 90],
		[175, "USBC1_2", 755.82, -892.31, "B", "DIP", "GND", "GND", "O", 47.24, 70.87, 55.12, 90],
		[176, "USBC1_3", 755.82, -1232.87, "T", "DIP", "GND", "GND", "O", 47.24, 70.87, 55.12, 90],
		[177, "USBC1_3", 755.82, -1232.87, "B", "DIP", "GND", "GND", "O", 47.24, 70.87, 55.12, 90],
		[178, "USBC1_A1", 561, -1194.48, "T", "SMD", "GND", "GND", "R", 11.81, 51.18, 0, 90],
		[179, "USBC1_A12", 561, -930.7, "T", "SMD", "GND", "GND", "R", 11.81, 51.18, 0, 90],
		[180, "USBC1_A4", 561, -1162.98, "T", "SMD", "VBUS", "", "R", 11.81, 51.18, 0, 90],
		[181, "USBC1_A5", 561, -1111.8, "T", "SMD", "$1N5291", "", "R", 11.81, 51.18, 0, 90],
		[182, "USBC1_A6", 561, -1072.43, "T", "SMD", "USB+", "", "R", 11.81, 51.18, 0, 90],
		[183, "USBC1_A7", 561, -1052.75, "T", "SMD", "USB-", "", "R", 11.81, 51.18, 0, 90],
		[184, "USBC1_A8", 561, -1013.39, "T", "SMD", "USBC1_A8", "", "R", 11.81, 51.18, 0, 90],
		[185, "USBC1_A9", 561, -962.19, "T", "SMD", "VBUS", "", "R", 11.81, 51.18, 0, 90],
		[186, "USBC1_B1", 561, -942.51, "T", "SMD", "GND", "GND", "R", 11.81, 51.18, 0, 90],
		[187, "USBC1_B12", 561, -1182.67, "T", "SMD", "GND", "GND", "R", 11.81, 51.18, 0, 90],
		[188, "USBC1_B4", 561, -974.01, "T", "SMD", "VBUS", "", "R", 11.81, 51.18, 0, 90],
		[189, "USBC1_B5", 561, -993.69, "T", "SMD", "$1N5292", "", "R", 11.81, 51.18, 0, 90],
		[190, "USBC1_B6", 561, -1033.06, "T", "SMD", "USB+", "", "R", 11.81, 51.18, 0, 90],
		[191, "USBC1_B7", 561, -1092.12, "T", "SMD", "USB-", "", "R", 11.81, 51.18, 0, 90],
		[192, "USBC1_B8", 561, -1131.49, "T", "SMD", "USBC1_B8", "", "R", 11.81, 51.18, 0, 90],
		[193, "USBC1_B9", 561, -1151.17, "T", "SMD", "VBUS", "", "R", 11.81, 51.18, 0, 90],
		[194, "X1_1", 633.57, -213.31, "T", "SMD", "$1N5322", "", "R", 55.12, 47.24, 0, 90],
		[195, "X1_2", 633.57, -126.69, "T", "SMD", "GND", "GND", "R", 55.12, 47.24, 0, 90],
		[196, "X1_3", 566.64, -126.69, "T", "SMD", "$1N5323", "", "R", 55.12, 47.24, 0, 90],
		[197, "X1_4", 566.64, -213.31, "T", "SMD", "GND", "GND", "R", 55.12, 47.24, 0, 90],
		[198, "PAD1_1", 545, -385, "T", "DIP", "MCU_RXD", "", "C", 60, 60, 36, 0],
		[199, "PAD1_1", 545, -385, "B", "DIP", "MCU_RXD", "", "C", 60, 60, 36, 0],
		[200, "PAD2_1", 605, -430, "T", "DIP", "MCU_TXD", "", "C", 60, 60, 36, 0],
		[201, "PAD2_1", 605, -430, "B", "DIP", "MCU_TXD", "", "C", 60, 60, 36, 0]
	]
}
}